{"cameraMode":{"drawMode":0,"name":"Shaded","section":"Shading Mode"},"sceneLighting":false,"audioPlay":false,"sceneViewState":{"showFog":true,"showMaterialUpdate":false,"showSkybox":true,"showFlares":true,"showImageEffects":true,"showParticleSystems":true},"in2DMode":false,"pivot":{"x":-2.990000009536743,"y":-1.5809999704360963,"z":-14.77299976348877},"rotation":{"x":-0.012703439220786095,"y":0.9873084425926209,"z":-0.11304306983947754,"w":-0.11093208193778992},"size":0.2781788110733032,"orthographic":true}