{"cameraMode":{"drawMode":0,"name":"Shaded","section":"Shading Mode"},"sceneLighting":true,"audioPlay":false,"sceneViewState":{"showFog":true,"showMaterialUpdate":false,"showSkybox":true,"showFlares":true,"showImageEffects":true,"showParticleSystems":true},"in2DMode":false,"pivot":{"x":12.380000114440918,"y":-1.4574499130249024,"z":-16.05368423461914},"rotation":{"x":0.24713990092277528,"y":-0.03633012995123863,"z":0.009270577691495419,"w":0.9682904481887817},"size":23.432106018066408,"orthographic":true}